<?xml version='1.0' encoding='utf-8'?>
<!DOCTYPE hibernate-configuration PUBLIC
"-//Hibernate/Hibernate Configuration DTD//EN"
"http://hibernate.sourceforge.net/hibernate-configuration-3.0.dtd">

<hibernate-configuration>
<session-factory>
<property name="hibernate.connection.driver_class">oracle.jdbc.OracleDriver</property>
<property name="hibernate.connection.url">jdbc:oracle:thin:@localhost:1521:orcl</property>
<property name="hibernate.connection.username">sabbir</property>
<property name="hibernate.connection.password">sabbir</property>
<property name="show_sql">true</property>
<property name="dialect">org.hibernate.dialect.OracleDialect</property>
<property name="hibernate.hbm2ddl.auto">update</property>

<mapping class="com.cognizant.entity.PanCard"/>





</session-factory>
</hibernate-configuration>